abernhard,Alexander_Bernhard,ki.alexander.bernhard@htwsaar.de
ahecker,Anika_Hecker,ki.anika.hecker@htwsaar.de
chwolf,Christian_Wolf,ki.christian.wolf@htwsaar.de
dbergum,Dominik_Michael_Bergum,ki.dominik.bergum@htwsaar.de
dschroeder,Denis_Schroeder,ki.denis.schroeder@htwsaar.de
fruth,Florian_Ruth,ki.florian.ruth@htwsaar.de
ghelmer,Gerome_Helmer,ki.gerome.helmer@htwsaar.de
htchuitchayoumen,Henri_Joel_Tchuitcha_Youmen,ki.henri.tchuitchayoumen@htwsaar.de
jhassler,Julian_Hassler,ki.julian.hassler@htwsaar.de
jschmutz,Jan_Dennis_Schmutz,ki.jan.schmutz@htwsaar.de
jstreicher,Juri_Streicher,ki.juri.streicher@htwsaar.de
kkessel,Kai_Kessel,ki.kai.kessel@htwsaar.de
kschultz,Kai_Schultz,ki.kai.schultz@htwsaar.de
meyerki15,Margit_Meyerki15,ki.Margit_Meyerki15@htwsaar.de
mwillms,Marc_Daniel_Willms,ki.marc.willms@htwsaar.de
nedwrardcesaire,Nana_Tchaptchet_Edwrard_Cesaire,ki.nana.edwrardcesaire@htwsaar.de
nloganathan,Niroshan_Loganathan,ki.niroshan.loganathan@htwsaar.de
pkirupananthan,Pranavan_Kirupananthan,ki.pranavan.kirupananthan@htwsaar.de
pleutheusser,Patrick_Leutheusser,ki.patrick.leutheusser@htwsaar.de
pnagel,Patrick_Nagel,ki.patrick.nagel@htwsaar.de
pscherf,Philipp_Scherf,ki.philipp.scherf@htwsaar.de
ptheis,Patrick_Theis,ki.patrick.theis@htwsaar.de
rbonacker,Robert_Bonacker,ki.robert.bonacker@htwsaar.de
selschmitt,Selina_Schmitt,ki.selina.schmitt@htwsaar.de
ssalman,Shekh_Salman,ki.shekh.salman@htwsaar.de
ssutheswaran,Suwhathi_Sutheswaran,ki.suwhathi.sutheswaran@htwsaar.de
stevmueller,Steven_Mueller,ki.steven.mueller@htwsaar.de
sveiden,Sven_Eiden,ki.sven.eiden@htwsaar.de
svmerker,Svenja_Merker,ki.svenja.merker@htwsaar.de
tangel,Till_Angel,ki.till.angel@htwsaar.de
timeyer,Tim_Meyer,ki.tim.meyer@htwsaar.de
tiwinter,Tim_Winter,ki.tim.winter@htwsaar.de
tmann,Timo_Mann,ki.timo.mann@htwsaar.de
vagwu,Vincent_Agwu,ki.vincent.agwu@htwsaar.de
yneumann,Yannick-Peter_Neumann,ki.yannick.neumann@htwsaar.de
