Tareq_Aljarrah:ki.tareq.aljarrah
Malek_Almalabeh:ki.malek.almalabeh
Sebastian_Biehl:ki.sebastian.biehl
Patrick_Bollbach:ki.patrick.bollbach
Seyma_Dag:ki.seyma.dag
Moritz_Freitag:ki.moritz.freitag
Tobias_Gundlach:ki.tobias.gundlach
Alen_Haric:ki.alen.haric
Jan_Herrmann:ki.jan.herrmann
Dennis_Hilcher:ki.dennis.hilcher
Jannik_Huber:ki.jannik.huber
Frederik_Huppert:ki.frederik.huppert
Oliver_Jaqui:ki.oliver.jaqui
Alexander_Junkind:ki.alexander.junkind
Benjamin_Koenig:ki.benjamin.koenig
Christian_Koenig:ki.christian.koenig
Florian_Kraus:ki.florian.kraus
Danielmich_Kuhn:ki.danielmich.kuhn
Ulf_Marxen:ki.ulf.marxen
Tanja_Michalka:ki.tanja.michalka
Thomas_Mueller:ki.thomas.mueller
David_Noack:ki.david.noack
Andreas_Otte:ki.andreas.otte
David_Quitzsch:ki.david.quitzsch
Thorsten_Recktenwald:ki.thorsten.recktenwald
Jonas_Reiter:ki.jonas.reiter
Andreas_Schaffhauser:ki.andreas.schaffhauser
Michael_Schmidt:ki.michael.schmidt
Alisa_Schmitt:ki.alisa.schmitt
Raphael_Schneider:ki.raphael.schneider
Simon_Schuwer:ki.simon.schuwer
Thomas_Siemaszko:ki.thomas.siemaszko
Jens_Staub:ki.jens.staub
Alexander_Stork:ki.alexander.stork
David_Wagner:ki.david.wagner
Samuel_Wagner:ki.samuel.wagner
Jonas_Weiss:ki.jonas.weiss
Tobias_Cattarius:ki.tobias.cattarius
Lars_Fuenfrocken:ki.lars.fuenfrocken
Aleksandar_Stanimirov:ki.aleksandar.stanimirov
Atal_Sultan:ki.atal.sultan
Marcelandr_Thomas:ki.marcelandr.thomas
Matthias_Bauer:ki.matthias.bauer
Wolfgang_Pauly:pauly
