pauly,Wolfgang_Pauly,pauly@htwsaar.de
achevrolat,Alexandre_Chevrolat,i.alexandre.chevrolat@htwsaar.de
agomsukamgang,Aubin_Doris_Gomsu_Kamgang,i.aubin.gomsukamgang@htwsaar.de
albernhardt,Alexandre_Bernhardt,i.alexandre.bernhardt@htwsaar.de
apichon,Anais_Pichon,i.anais.pichon@htwsaar.de
cgoerlitz,Christian_Goerlitz,i.christian.goerlitz@htwsaar.de
egeiskopp,Etienne_Geiskopp,i.etienne.geiskopp@htwsaar.de
eutoukamkoagne,Eulalie_Laurelle_Toukam_Koagne,i.eulalie.toukamkoagne@htwsaar.de
fabschmidt,Fabian_Schmidt,i.fabian.schmidt@htwsaar.de
gtetu,Geraud_Tetu,i.geraud.tetu@htwsaar.de
ilampe,Inga_Barbara_Lampe,i.inga.lampe@htwsaar.de
mcoltel,Morgane_Coltel,i.morgane.coltel@htwsaar.de
mtanne,Manon_Tanne,i.manon.tanne@htwsaar.de
psene,Pierre_Sene,i.pierre.sene@htwsaar.de
tngondjibitchou,Thierry_Martial_Ngondji_Bitchou,i.thierry.ngondjibitchou@htwsaar.de
ahubert,Alois_Hubert,pib.alois.hubert@htwsaar.de
alhuber,Alexander_Huber,pib.alexander.huber@htwsaar.de
alnenno,Alexander_Nenno,pib.alexander.nenno@htwsaar.de
apuspakemala,Annisa_Yustina_Puspakemala,pib.annisa.puspakemala@htwsaar.de
aschwindling,Aaron_Schwindling,pib.aaron.schwindling@htwsaar.de
awegel,Angelika_Wegel,pib.angelika.wegel@htwsaar.de
ayeter,Abdussamed_Yeter,pib.abdussamed.yeter@htwsaar.de
behalilaj,Behat_Halilaj,pib.behat.halilaj@htwsaar.de
bjschmidt,Bjoern_Schmidt,pib.bjoern.schmidt@htwsaar.de
chopf,Cedric_Hopf,pib.cedric.hopf@htwsaar.de
cloch,Chris_Loch,pib.chris.loch@htwsaar.de
copham,Cong_Long_Peter_Pham,pib.cong.pham@htwsaar.de
coswald,Cedric_Oswald,pib.cedric.oswald@htwsaar.de
dhopfner,Dennis_Hopfner,pib.dennis.hopfner@htwsaar.de
dorichter,Dominik_Richter,pib.dominik.richter@htwsaar.de
druf,Dominik_Ruf,pib.dominik.ruf@htwsaar.de
epaisler,Edgar_Paisler,pib.edgar.paisler@htwsaar.de
fbauer,Famy_Bauer,pib.famy.bauer@htwsaar.de
fkefer,Felix_Kefer,pib.felix.kefer@htwsaar.de
gndoumbedallembakop,Gamalielle_Daniela_Ndoumbe_Dalle_Mbakop,pib.gamalielle.ndoumbedallemba@htwsaar.de
iberezhnoi,Igor_Berezhnoi,pib.igor.berezhnoi@htwsaar.de
ihelmer,Iosif_Helmer,pib.iosif.helmer@htwsaar.de
jahinsberger,Janik_Hinsberger,pib.janik.hinsberger@htwsaar.de
jcalcagno,Jannik_Calcagno,pib.jannik.calcagno@htwsaar.de
jdillenkofer,Jan_Dillenkofer,pib.jan.dillenkofer@htwsaar.de
jheinen,Julian_Heinen,pib.julian.heinen@htwsaar.de
jweiland,Julian_Weiland,pib.julian.weiland@htwsaar.de
kekuhn,Kevin_Kuhn,pib.kevin.kuhn@htwsaar.de
kgisa,Kevin_Gisa,pib.kevin.gisa@htwsaar.de
lbretz,Luca_Bretz,pib.luca.bretz@htwsaar.de
lkoelsch,Lukas_Koelsch,pib.lukas.koelsch@htwsaar.de
lmischo,Lucas_Mischo,pib.lucas.mischo@htwsaar.de
lsalgado,Luis_Salgado,pib.luis.salgado@htwsaar.de
magrothusmann,Martin_Grothusmann,pib.martin.grothusmann@htwsaar.de
marckiefer,Marcus_Kiefer,pib.marcus.kiefer@htwsaar.de
marcobecker,Marco_Becker,pib.marco.becker@htwsaar.de
maribackes,Marius_Backes,pib.marius.backes@htwsaar.de
melmousawi,Mohamad_El_Mousawi,pib.mohamad.elmousawi@htw-saarland.de
mfeick,Martin_Feick,pib.martin.feick@htwsaar.de
mhaug,Maximilian_Haug,pib.maximilian.haug@htwsaar.de
migoebel,Mike_Goebel,pib.mike.goebel@htwsaar.de
mkohn,Marek_Kohn,pib.marek.kohn@htwsaar.de
mmangold,Marcel_Mangold,pib.marcel.mangold@htwsaar.de
mmann,Mike_Mann,pib.mike.mann@htwsaar.de
mpayne,Melanie_Payne,pib.melanie.payne@htwsaar.de
mvoellinger,Marc_Christian_Voellinger,pib.marc.voellinger@htwsaar.de
mzeimet,Marvin_Lukas_Zeimet,pib.marvin.zeimet@htwsaar.de
nikleer,Niko_Kleer,pib.niko.kleer@htwsaar.de
nsakenshaft,Nima_Hassan_Saken_Shaft,pib.nima.sakenshaft@htwsaar.de
onaz,Oguzhan_Ramazan_Naz,pib.oguzhan.naz@htwsaar.de
oseibert,Oliver_Seibert,pib.oliver.seibert@htwsaar.de
phhoffmann,Philip_Hoffmann,pib.philip.hoffmann@htwsaar.de
philbraun,Philip_Braun,pib.philip.braun@htwsaar.de
phschaefer,Philipp_Schaefer,pib.philipp.schaefer@htwsaar.de
pspreuer,Pascal_Spreuer,pib.pascal.spreuer@htwsaar.de
ptrekhlyebov,Pavlo_Trekhlyebov,pib.pavlo.trekhlyebov@htwsaar.de
sascbecker,Sascha_Becker,pib.sascha.becker@htwsaar.de
sbekziz,Sufian_Bekziz,pib.sufian.bekziz@htwsaar.de
sblau,Sophia_Blau,pib.sophia.blau@htwsaar.de
shasan,Somar_Hasan,pib.somar.hasan@htwsaar.de
sschloesser,Stefan_Schloesser,pib.stefan.schloesser@htwsaar.de
sstrauch,Sebastian_Strauch,pib.sebastian.strauch@htwsaar.de
stweis,Steven_Andreas_Weis,pib.steven.weis@htwsaar.de
tborn,Thilo_Born,pib.thilo.born@htwsaar.de
tbusser,Timo_Busser,pib.timo.busser@htwsaar.de
tergun,Tayfun_Ergun,pib.tayfun.ergun@htwsaar.de
tisander,Timo_Sander,pib.timo.sander@htwsaar.de
trvu,Tran_Nguyen_Dyu_Vu,pib.tran.vu@htwsaar.de
wwalendzik,Wojciech_Walendzik,pib.wojciech.walendzik@htwsaar.de
yroham,Youssef_Roham,pib.youssef.roham@htwsaar.de
